id,name,description,region,subregion,top_cities,pros,cons,similar_destinations,climate,inflation_rate,monthly_expenditure_single,monthly_expenditure_couple,tags,life_expectancy,life_expectancy_after_65,population_density,retirement_community,english_usage,crowds,affordability,healthcare_quality,personal_safety,political_stability,visa_ease,tax_environment,infrastructure,weather_comfort,healthcare_cost,economy,grade,international_living
australia,Australia,"Australia combines excellent healthcare, safety, and outdoor lifestyle with diverse landscapes from Great Barrier Reef to Outback. Cities like Brisbane and Melbourne offer culture and amenities. However, costs are very high, and residency is extremely difficult for retirees without family ties. The country's remote location means long-distance travel to elsewhere. Australia suits those with existing citizenship or family sponsorship seeking English-speaking stability, outdoor lifestyle, and don't mind high costs and distance from other continents.",Oceania,Pacific,brisbane:melbourne:perth,strong-healthcare-access:high-personal-safety,high-cost-of-living:complex-visa-process,new-zealand:canada:united-kingdom,Temperate,0.025,"3,850.00","5,000.00",Top Healthcare:Warm Weather:Safe:English Spoken:Beach Living:Premium Cost,76,85,Spacious,Established,Widely Spoken,Tourist-Heavy,D:Very High,A:Very Good,A:Very Safe,A:Very Stable,D:Difficult,D:High Tax,A:Very Good,B:Comfortable,C:High,A:Very Stable,C,TRUE
austria,Austria,"Austria delivers exceptional quality of life with world-class healthcare, stunning Alpine scenery, and cultural richness from Vienna to Salzburg. The country is extremely safe with excellent infrastructure, but costs are high, particularly in cities. Residency requires substantial income proof and private health insurance. The bureaucracy is efficient but thorough. German language skills are important outside Vienna. For retirees prioritizing safety, healthcare, and European cultural heritage who can afford premium costs, Austria is ideal.",Europe,Western Europe,vienna:salzburg:innsbruck,strong-healthcare-access:high-personal-safety:stable-political-environment,high-cost-of-living:high-tax,switzerland:germany:denmark,Temperate,0.025,"3,400.00","4,300.00",Top Healthcare:Safe:Premium Cost,73,82,Moderate,Established,Commonly Used,Moderate,D:Very High,A:Very Good,A:Very Safe,A:Very Stable,C:Moderate,D:High Tax,A:Very Good,B:Comfortable,C:High,A:Very Stable,C,FALSE
belize,Belize,"Belize offers Caribbean living with English as the official language, making it accessible for American retirees. The Qualified Retired Persons program provides residency benefits. From Ambergris Caye's diving to mainland jungle, the country offers natural beauty. However, healthcare is limited, requiring trips to Mexico or the US for serious treatment. Infrastructure is basic, and costs are higher than other Central American countries. Belize suits those seeking English-speaking Caribbean lifestyle who don't mind limited services and can access healthcare elsewhere.",Americas,Central America & Caribbean,ambergris-caye:placencia:caye-caulker,english-friendly:tax-friendly,developing-infrastructure:varying-healthcare-quality,costa-rica:panama:dominican-republic,Tropical,0.025,"2,000.00","2,500.00",Low Cost:Warm Weather:Safe:English Spoken:Beach Living,84,93,Comfortable,Thriving Hub,Widely Spoken,Relaxed,B:Moderate,B:Good,B:Safe,C:Moderate,B:Easy,B:Tax-Friendly,D:Adequate,A:Ideal,B:Low,C:Moderate,C,TRUE
canada,Canada,"Canada offers universal healthcare, stunning natural beauty, and multicultural cities from Vancouver to Halifax. The country is extremely safe with excellent infrastructure and quality of life. However, costs are very high, particularly for housing in major cities. Long, cold winters challenge many retirees. Residency is difficult without family sponsorship or significant investment. Canada appeals to those seeking North American stability, nature access, and don't mind cold weather, but immigration barriers and costs limit accessibility for many retirees.",Americas,North America,victoria:vancouver:halifax,strong-healthcare-access:high-personal-safety:stable-political-environment,challenging-climate:high-tax,united-kingdom:australia:new-zealand,Cold,0.025,"3,300.00","4,300.00",Top Healthcare:Safe:English Spoken:Premium Cost,74,83,Spacious,Established,Widely Spoken,Moderate,D:Very High,A:Very Good,A:Very Safe,A:Very Stable,D:Difficult,D:High Tax,A:Very Good,D:Challenging,C:High,A:Very Stable,C,FALSE
chile,Chile,"Chile offers South America's most developed economy with good healthcare, stunning landscapes from Atacama Desert to Patagonia, and excellent wine. Santiago provides modern urban living, while smaller cities offer better value. Residency requires proof of income. Costs are moderate to high by Latin American standards. Recent social unrest and constitutional debates have created some uncertainty. Chile suits those seeking developed South American living with geographic diversity, political stability, and don't need tropical climate or ultra-low costs.",Americas,South America,santiago:valparaiso:la-serena,strong-healthcare-access:high-personal-safety:modern-infrastructure,volatile-political-climate:rising-cost,uruguay:portugal:spain,Temperate,0.025,"2,500.00","3,150.00",Warm Weather:Safe:Large Expat Communities,73,82,Comfortable,Established,Commonly Used,Tourist-Heavy,C:High,A:Very Good,B:Safe,B:Stable,C:Moderate,C:Moderate Tax,A:Very Good,B:Comfortable,B:Low,B:Stable,B,TRUE
colombia,Colombia,"Colombia has transformed from its troubled past, with cities like Medellín and Bogotá offering modern amenities, eternal spring climate, and low costs. Cartagena provides Caribbean beaches. Healthcare is excellent in major cities at affordable prices. The retirement visa is straightforward. While safety has improved dramatically, caution is still needed in some areas. Colombia suits retirees seeking affordable Latin American living with excellent climate, improving infrastructure, and vibrant culture, who exercise reasonable precautions.",Americas,South America,medellin:bogota:cartagena,affordable-cost-of-living:comfortable-climate,varying-safety:crowded,ecuador:mexico:dominican-republic,Tropical,0.025,"1,800.00","2,400.00",Low Cost:Tropical Paradise:Warm Weather:Large Expat Communities:Mountain Living,74,83,Moderate,Thriving Hub,Minimal,Very Crowded,B:Moderate,B:Good,C:Moderate,C:Moderate,B:Easy,C:Moderate Tax,B:Good,A:Ideal,A:Very Low,C:Moderate,C,TRUE
costa-rica,Costa Rica,"Costa Rica stands out for its stable democracy, eco-friendly focus, and ""Pura Vida"" lifestyle. The country offers excellent healthcare through both public and private systems, making it a top medical tourism destination. With its Pensionado visa requiring just $1,000 monthly income, tropical climate, and strong English-speaking expat communities in areas like the Central Valley and Guanacaste, Costa Rica provides a peaceful retirement with easy access to beaches, mountains, and rainforests.",Americas,Central America & Caribbean,escazu:atenas:tamarindo,stable-political-environment:strong-healthcare-access,high-cost-of-living:developing-infrastructure,panama:mexico:belize,Tropical,0.025,"2,250.00","2,750.00",Low Cost:Tropical Paradise:Top Healthcare:Safe:Beach Living,81,90,Moderate,Thriving Hub,Basic Available,Relaxed,B:Moderate,B:Good,B:Safe,B:Stable,B:Easy,C:Moderate Tax,B:Good,A:Ideal,B:Low,B:Stable,B,TRUE
croatia,Croatia,"Croatia has emerged as a retirement destination offering stunning Adriatic coastline, medieval towns, and improved infrastructure since joining the EU. Cities like Split and Dubrovnik, along with the Istrian peninsula, attract retirees seeking Mediterranean living at lower costs than Italy or France. Healthcare is adequate in major cities, and the temporary residence permit is accessible for EU citizens. The country's natural beauty, growing expat community, and position as a travel hub make it increasingly popular.",Europe,Southern Europe,split:dubrovnik:rovinj,high-personal-safety:affordable-cost-of-living,crowded:varying-healthcare-quality,montenegro:greece:slovenia,Mediterranean,0.025,"2,000.00","2,500.00",Warm Weather:Safe:Large Expat Communities:Beach Living,70,79,Moderate,Growing Scene,Commonly Used,Tourist-Heavy,B:Moderate,B:Good,B:Safe,B:Stable,C:Moderate,C:Moderate Tax,B:Good,A:Ideal,B:Low,B:Stable,B,TRUE
cyprus,Cyprus,"Cyprus combines Mediterranean climate, English colonial heritage, and EU membership, making it accessible for European retirees. The island offers good healthcare, particularly in cities like Paphos and Limassol, which host large expat communities. Various visa options and favorable tax treatment for foreign pensions attract retirees. While the divided island has political complexities, the southern Republic of Cyprus provides stability, beautiful beaches, and a relaxed pace of life with lower costs than many EU countries.",Europe,Southern Europe,paphos:limassol:nicosia,easy-visa-access:english-friendly:high-personal-safety,developing-infrastructure:small-expat-community,malta:greece:portugal,Mediterranean,0.025,"2,250.00","2,850.00",Warm Weather:Safe:Large Expat Communities:English Spoken:Beach Living:Tax Friendly,81,90,Moderate,Growing Scene,Widely Spoken,Moderate,B:Moderate,B:Good,A:Very Safe,B:Stable,B:Easy,B:Tax-Friendly,B:Good,A:Ideal,B:Low,B:Stable,B,FALSE
czech-republic,Czech Republic,"The Czech Republic offers Central European charm with excellent infrastructure, good healthcare, and reasonable costs compared to Western Europe. Prague is a beautiful capital, while smaller cities like Brno offer authentic experiences. The country's position in the heart of Europe enables easy travel. Beer culture, castles, and a temperate climate add appeal. Residency requires proof of accommodation and income. While the expat community is smaller outside Prague and Czech language helps, the country provides stability and quality of life.",Europe,Eastern Europe,prague:brno:cesky-krumlov,strong-healthcare-access:modern-infrastructure:high-personal-safety,high-tax:challenging-climate,austria:germany:slovenia,Temperate,0.025,"2,250.00","2,850.00",Safe:Low Cost,78,87,Moderate,Established,Commonly Used,Moderate,B:Moderate,A:Very Good,A:Very Safe,A:Very Stable,C:Moderate,D:High Tax,A:Very Good,B:Comfortable,B:Low,A:Very Stable,B,TRUE
denmark,Denmark,"Denmark consistently ranks among the world's happiest countries, offering exceptional healthcare, safety, and quality of life. The hygge lifestyle emphasizes coziness and contentment. Copenhagen and Aarhus provide urban amenities, while smaller towns offer charm. Costs are very high, and taxes are among Europe's highest. English is widely spoken. Residency requires substantial financial resources. The climate is cool and often overcast. Denmark suits retirees seeking world-class services, social stability, and don't mind premium costs or Nordic weather.",Europe,Northern Europe,copenhagen:aarhus:odense,high-personal-safety:strong-healthcare-access:stable-political-environment,high-cost-of-living:high-tax:challenging-climate,sweden:norway:netherlands,Temperate,0.025,"3,850.00","5,000.00",Top Healthcare:Safe:English Spoken:Premium Cost,83,92,Moderate,Established,Widely Spoken,Moderate,D:Very High,A:Very Good,A:Very Safe,A:Very Stable,C:Moderate,D:High Tax,A:Very Good,B:Comfortable,C:High,A:Very Stable,B,FALSE
dominican-republic,Dominican Republic,"The Dominican Republic offers Caribbean lifestyle with low costs, warm culture, and straightforward residency. Beach towns like Punta Cana and coastal cities provide tropical living. Healthcare is concentrated in major tourist areas and the capital. English is limited, and infrastructure varies significantly. Hurricane season and inconsistent utilities pose challenges. The DR suits retirees seeking affordable Caribbean beaches, don't mind developing infrastructure, and can navigate with limited English while exercising reasonable security precautions.",Americas,Central America & Caribbean,punta-cana:santo-domingo:puerto-plata,affordable-cost-of-living:strong-expat-community,varying-healthcare-quality:crowded,belize:mexico:colombia,Tropical,0.025,"1,800.00","2,400.00",Low Cost:Warm Weather:Large Expat Communities:Beach Living,70,79,Dense,Thriving Hub,Minimal,Very Crowded,B:Moderate,B:Good,C:Moderate,C:Moderate,C:Moderate,C:Moderate Tax,B:Good,A:Ideal,B:Low,C:Moderate,C,TRUE
ecuador,Ecuador,"Ecuador offers extremely low costs, mild highland climates in cities like Cuenca and Quito, and Pacific coast beaches. The retirement visa requires just $1,350 monthly income. Dollarization eliminates currency risk. Healthcare is good in major cities. The country's small size makes diverse landscapes accessible. While political instability and crime in some areas pose concerns, Ecuador suits budget-conscious retirees seeking affordable Andean living with established expat communities and don't mind some developing-world challenges.",Americas,South America,cuenca:quito:loja,affordable-cost-of-living:comfortable-climate:strong-expat-community,developing-infrastructure:volatile-political-climate,colombia:mexico:panama,Tropical,0.025,"1,600.00","2,150.00",Low Cost:Top Healthcare:Safe:Mountain Living,75,84,Moderate,Growing Scene,Minimal,Moderate,A:Low,B:Good,B:Safe,C:Moderate,B:Easy,C:Moderate Tax,B:Good,A:Ideal,A:Very Low,C:Moderate,C,TRUE
finland,Finland,"Finland provides excellent healthcare, safety, and education systems with a unique Nordic culture. The country emphasizes saunas, nature, and design. While English is widely spoken, the Finnish language is challenging. Long, dark winters contrast with beautiful summers. Costs are very high, and the expat community is smaller than in neighboring countries. Residency requires financial proof. Finland appeals to retirees seeking quiet, safe, and highly developed living who embrace Nordic lifestyle and don't mind the extreme seasonal variation.",Europe,Northern Europe,helsinki:tampere:turku,high-personal-safety:strong-healthcare-access,challenging-climate:high-cost-of-living,sweden:norway:denmark,Cold,0.025,"3,300.00","4,300.00",Top Healthcare:Safe:English Spoken:Low Crowds:Premium Cost,78,87,Comfortable,Established,Widely Spoken,Tranquil,D:Very High,A:Very Good,A:Very Safe,A:Very Stable,C:Moderate,D:High Tax,A:Very Good,D:Challenging,C:High,A:Very Stable,C,FALSE
france,France,"France provides world-class healthcare, exceptional infrastructure, and unparalleled cultural richness. From the Mediterranean coast to rural villages, retirees enjoy excellent cuisine, wine regions, and easy travel throughout Europe. The cost of living is high, particularly in Paris, but smaller cities like Bordeaux and Lyon offer better value. The Visiteur visa allows retirees with adequate income to settle. While taxes are substantial, the quality of life and healthcare system are among the world's best.",Europe,Western Europe,nice:bordeaux:lyon,strong-healthcare-access:modern-infrastructure:high-personal-safety,high-cost-of-living:high-tax,switzerland:germany:austria,Temperate,0.025,"2,850.00","3,600.00",Top Healthcare:Warm Weather:Safe,66,75,Moderate,Growing Scene,Commonly Used,Tourist-Heavy,C:High,A:Very Good,A:Very Safe,A:Very Stable,C:Moderate,D:High Tax,A:Very Good,A:Ideal,B:Low,A:Very Stable,B,TRUE
georgia,Georgia,"Georgia offers one of the world's easiest residency processes with extremely low costs and a growing digital nomad and expat community. Tbilisi combines old-world charm with modern cafes, while Batumi offers Black Sea beaches. The territorial tax system is very favorable, and the cost of living is among Europe's lowest. Healthcare is adequate but not world-class. Political stability has improved, though regional tensions exist. Georgia suits adventurous retirees seeking value, easy residency, and a unique cultural experience at the Europe-Asia crossroads.",Europe,Eastern Europe,tbilisi:batumi:kutaisi,easy-visa-access:tax-friendly:affordable-cost-of-living,developing-healthcare:small-expat-community,turkey:montenegro:tunisia,Mixed,0.025,"1,400.00","1,900.00",Low Cost:Easy Residency:Tax Friendly,83,92,Comfortable,Growing Scene,Commonly Used,Moderate,A:Low,B:Good,B:Safe,C:Moderate,A:Very Easy,A:Very Tax-Friendly,B:Good,B:Comfortable,A:Very Low,C:Moderate,B,FALSE
germany,Germany,"Germany provides robust infrastructure, excellent healthcare, and efficient public services across diverse regions from Bavaria to the North Sea coast. Major cities offer culture and amenities, while smaller towns provide better value. Residency for non-EU retirees requires financial proof and health insurance. Costs are moderate to high, and bureaucracy is thorough but organized. German language skills significantly improve the experience. The country's stability, central European location, and high living standards attract retirees seeking reliability and quality.",Europe,Western Europe,munich:hamburg:freiburg,strong-healthcare-access:modern-infrastructure:stable-political-environment,high-tax:challenging-climate,austria:netherlands:switzerland,Temperate,0.025,"3,150.00","4,000.00",Top Healthcare:Safe,75,84,Dense,Established,Commonly Used,Tourist-Heavy,C:High,A:Very Good,A:Very Safe,A:Very Stable,C:Moderate,D:High Tax,A:Very Good,B:Comfortable,B:Low,A:Very Stable,B,TRUE
greece,Greece,"Greece offers retirees a slower-paced Mediterranean lifestyle with rich history, stunning islands, and excellent cuisine. While the country faced economic challenges in recent years, it has stabilized and offers good value compared to other EU nations. The Golden Visa program provides residency through property investment. Healthcare is adequate in major cities, and the climate is ideal. Islands like Crete and Rhodes, along with mainland areas, provide diverse options for retirees seeking authentic European living.",Europe,Southern Europe,athens:crete:rhodes,comfortable-climate:affordable-cost-of-living,crowded:developing-infrastructure,italy:portugal:croatia,Mediterranean,0.025,"2,000.00","2,550.00",Warm Weather:Safe:Beach Living:Large Expat Communities,81,90,Moderate,Growing Scene,Commonly Used,Tourist-Heavy,B:Moderate,B:Good,B:Safe,C:Moderate,C:Moderate,C:Moderate Tax,B:Good,A:Ideal,B:Low,C:Moderate,C,TRUE
indonesia,Indonesia,"Indonesia, particularly Bali, offers very low costs, tropical beauty, and a growing expat community. Ubud provides culture and nature, while Sanur offers beach living. The retirement visa requires proof of income and property rental. Healthcare is adequate in tourist areas but limited elsewhere. Infrastructure is developing, and English is limited outside expat zones. Indonesia suits retirees seeking tropical lifestyle, affordability, and immersion in a unique culture, though developing infrastructure and bureaucratic challenges require flexibility.",Asia,Southeast Asia,bali:jakarta:yogyakarta,affordable-cost-of-living:resort-lifestyle,varying-healthcare-quality:crowded,thailand:vietnam:philippines,Tropical,0.025,"1,650.00","2,150.00",Low Cost:Tropical Paradise:Warm Weather:Beach Living,76,85,Dense,Growing Scene,Minimal,Very Crowded,A:Low,B:Good,B:Safe,C:Moderate,C:Moderate,C:Moderate Tax,B:Good,A:Ideal,A:Very Low,C:Moderate,C,TRUE
ireland,Ireland,"Ireland combines English language, EU membership, and strong cultural ties to the UK and US. The country offers good healthcare, safety, and a welcoming culture. Dublin provides urban amenities, while rural areas offer beautiful landscapes. Costs are high, particularly for housing, and the weather is often rainy. Residency for non-EU retirees requires substantial income proof. Ireland appeals to English speakers seeking an EU base with familiar language and culture, despite higher costs and challenging weather.",Europe,Western Europe,dublin:cork:galway,english-friendly:strong-healthcare-access,high-cost-of-living:challenging-climate,united-kingdom:canada:netherlands,Temperate,0.025,"3,300.00","4,300.00",Top Healthcare:Safe:English Spoken,73,82,Moderate,Established,Widely Spoken,Tourist-Heavy,D:Very High,A:Very Good,A:Very Safe,A:Very Stable,C:Moderate,C:Moderate Tax,A:Very Good,B:Comfortable,C:High,A:Very Stable,B,TRUE
italy,Italy,"Italy captivates retirees with its world-renowned culture, cuisine, and lifestyle. From Tuscany's rolling hills to Sicily's coastal beauty, the country offers diverse settings. Healthcare is excellent through the public system, and quality of life is exceptional. The Elective Residency Visa allows retirees with sufficient passive income to settle. While bureaucracy can be challenging and costs are higher in major cities, smaller towns offer better value. Learning Italian significantly enhances the experience.",Europe,Southern Europe,florence:rome:lake-como,strong-healthcare-access,high-cost-of-living:limited-english,spain:france:portugal,Mediterranean,0.025,"2,500.00","3,150.00",Warm Weather:Safe:Large Expat Communities:Top Healthcare,70,79,Dense,Growing Scene,Minimal,Very Crowded,B:Moderate,A:Very Good,B:Safe,B:Stable,C:Moderate,C:Moderate Tax,A:Very Good,A:Ideal,B:Low,B:Stable,B,TRUE
japan,Japan,"Japan offers the world's highest life expectancy, exceptional safety, and advanced healthcare and infrastructure. From Tokyo's modernity to Kyoto's temples, the country blends tradition and innovation. However, residency is very difficult without work or family ties, costs are high, and English is limited outside major tourist areas. The aging society means excellent elder care. Japan suits those with language skills, cultural interest, or family connections seeking safety and longevity, but significant barriers limit accessibility for most foreign retirees.",Asia,East Asia,tokyo:osaka:fukuoka,strong-healthcare-access:high-personal-safety,limited-english:complex-visa-process,south-korea:taiwan:singapore,Temperate,0.025,"3,150.00","4,000.00",Top Healthcare:Safe:Premium Cost:Limited English,67,76,Dense,Established,Minimal,Very Crowded,D:Very High,A:Very Good,A:Very Safe,A:Very Stable,D:Difficult,D:High Tax,A:Very Good,B:Comfortable,B:Low,A:Very Stable,B,FALSE
malaysia,Malaysia,"Malaysia delivers first-world infrastructure at developing-world prices, making it an exceptional value destination. The MM2H visa program, while recently restructured with higher requirements, still attracts retirees seeking a multicultural environment where English is widely spoken. Penang and Kuala Lumpur offer excellent private healthcare, modern shopping centers, and diverse cuisine blending Malay, Chinese, and Indian influences. The tropical climate and position as a regional travel hub add to its appeal.",Asia,Southeast Asia,penang:kuala-lumpur:langkawi,affordable-cost-of-living:english-friendly:strong-healthcare-access,challenging-climate:complex-visa-process,thailand:vietnam:philippines,Tropical,0.025,"2,000.00","2,500.00",Low Cost:Tropical Paradise:Easy Residency:Large Expat Communities:English Spoken,66,75,Moderate,Thriving Hub,Widely Spoken,Tourist-Heavy,A:Low,B:Good,B:Safe,B:Stable,B:Easy,A:Very Tax-Friendly,B:Good,B:Comfortable,A:Very Low,B:Stable,B,TRUE
malta,Malta,"Malta offers English-speaking EU residency on a Mediterranean island with year-round sunshine. The country's strong healthcare system, low crime rates, and strategic location between Europe and Africa make it attractive. Various residency programs cater to retirees, though costs have risen significantly. The dense population means less space, but excellent connectivity to Europe, tax benefits for foreign pensioners, and a thriving expat community in areas like Sliema make Malta appealing for those seeking an island lifestyle.",Europe,Southern Europe,sliema:st-julians:gozo,english-friendly:strong-healthcare-access:tax-friendly,high-cost-of-living:crowded,cyprus:greece:portugal,Mediterranean,0.025,"2,750.00","3,600.00",Warm Weather:Safe:English Spoken:Beach Living:Tax Friendly,66,75,Very Dense,Thriving Hub,Widely Spoken,Tourist-Heavy,C:High,A:Very Good,A:Very Safe,A:Very Stable,B:Easy,B:Tax-Friendly,A:Very Good,A:Ideal,B:Low,A:Very Stable,A,TRUE
mexico,Mexico,"Mexico combines affordability with proximity to North America, making it ideal for retirees seeking a lower cost of living without sacrificing modern amenities. From colonial cities like San Miguel de Allende to beach towns like Puerto Vallarta, the country offers diverse lifestyle options. Strong expat networks, improving healthcare facilities, and straightforward residency options through the Temporary Resident Visa make Mexico increasingly popular, though Spanish language skills enhance the experience.",Americas,North America,merida:puerto-vallarta:san-miguel-de-allende,affordable-cost-of-living:strong-expat-community:strong-healthcare-access,limited-english:volatile-political-climate,costa-rica:panama:colombia,Mixed,0.025,"2,000.00","2,500.00",Low Cost:Warm Weather:Safe:Large Expat Communities:Beach Living,83,92,Moderate,Thriving Hub,Minimal,Tourist-Heavy,A:Low,B:Good,B:Safe,C:Moderate,C:Moderate,C:Moderate Tax,B:Good,A:Ideal,A:Very Low,C:Moderate,C,TRUE
montenegro,Montenegro,"Montenegro provides Adriatic coastline beauty at a fraction of Croatia's cost, with emerging appeal for retirees. The Bay of Kotor offers stunning scenery, while coastal towns like Budva provide beaches and amenities. Residency is relatively straightforward, and the country uses the euro despite not being in the EU. Healthcare is developing, with better options in coastal areas. While infrastructure is improving and the expat community is small but growing, Montenegro suits adventurous retirees seeking value and natural beauty.",Europe,Southern Europe,kotor:budva:tivat,affordable-cost-of-living:easy-visa-access,developing-infrastructure:varying-healthcare-quality,croatia:greece:turkey,Mediterranean,0.025,"1,650.00","2,150.00",Low Cost:Safe:Warm Weather:Beach Living,77,86,Comfortable,Limited,Commonly Used,Relaxed,B:Moderate,B:Good,B:Safe,C:Moderate,B:Easy,B:Tax-Friendly,B:Good,A:Ideal,B:Low,C:Moderate,B,FALSE
morocco,Morocco,"Morocco offers North African culture with proximity to Europe, low costs, and diverse landscapes from Atlas Mountains to Sahara Desert. Cities like Marrakech and coastal Agadir attract retirees. French is widely spoken alongside Arabic. Healthcare is adequate in cities. Residency is straightforward with proof of income. The culture is more conservative than Europe. Morocco suits adventurous retirees seeking exotic yet accessible living with low costs, rich culture, and easy European access, who can adapt to different cultural norms.",Middle East & North Africa,North Africa,marrakech:rabat:agadir,affordable-cost-of-living:rich-culture,limited-english:varying-healthcare-quality,tunisia:turkey:spain,Arid,0.025,"1,400.00","1,900.00",Low Cost:Warm Weather,77,86,Moderate,Established,Commonly Used,Tourist-Heavy,A:Low,B:Good,B:Safe,B:Stable,C:Moderate,C:Moderate Tax,B:Good,A:Ideal,A:Very Low,B:Stable,B,FALSE
netherlands,Netherlands,"The Netherlands offers exceptional infrastructure, world-class healthcare, and English proficiency throughout the country. Cities like Amsterdam and Utrecht provide culture and amenities, though costs are very high. The flat landscape is bicycle-friendly, and the country's small size makes everything accessible. Residency for non-EU retirees is possible with adequate income proof. While the weather is often gray and rainy, the quality of services, safety, and international connectivity attract retirees who prioritize modern efficiency and don't mind the climate.",Europe,Western Europe,amsterdam:utrecht:haarlem,english-friendly:strong-healthcare-access:modern-infrastructure,high-cost-of-living:high-tax,denmark:sweden:germany,Temperate,0.025,"3,600.00","4,600.00",Top Healthcare:Safe:English Spoken:Premium Cost,81,90,Very Dense,Established,Widely Spoken,Very Crowded,D:Very High,A:Very Good,A:Very Safe,A:Very Stable,C:Moderate,D:High Tax,A:Very Good,B:Comfortable,C:High,A:Very Stable,B,FALSE
new-zealand,New Zealand,"New Zealand offers stunning landscapes, excellent healthcare, and a relaxed pace of life in one of the world's safest countries. From Auckland to Queenstown, the country provides both urban amenities and pristine nature. Costs are high, and residency is challenging without family ties or substantial investment. The remote location means long travel times. New Zealand appeals to those with ties or significant wealth seeking peaceful, safe, and beautiful English-speaking environment, despite high costs and isolation.",Oceania,Pacific,auckland:wellington:tauranga,high-personal-safety:comfortable-lifestyle,high-cost-of-living:geographic-isolation,australia:canada:ireland,Temperate,0.025,"3,300.00","4,300.00",Top Healthcare:Safe:English Spoken:Low Crowds:Premium Cost,74,83,Comfortable,Established,Widely Spoken,Tranquil,D:Very High,A:Very Good,A:Very Safe,A:Very Stable,D:Difficult,D:High Tax,A:Very Good,B:Comfortable,C:High,A:Very Stable,C,TRUE
norway,Norway,"Norway offers breathtaking fjords, excellent healthcare, and one of the world's highest living standards, but at a cost that's among the globe's highest. Cities like Oslo and Bergen combine urban amenities with nature access. English is widely spoken. The climate is surprisingly mild along the coast but features long winter darkness. Residency for non-EU retirees is challenging without family ties. Norway suits wealthy retirees seeking pristine nature, safety, and world-class services who can afford premium pricing.",Europe,Northern Europe,oslo:bergen:trondheim,strong-healthcare-access:high-personal-safety,high-cost-of-living,sweden:denmark:switzerland,Cold,0.025,"4,150.00","5,400.00",Top Healthcare:Safe:English Spoken:Premium Cost,66,75,Comfortable,Established,Widely Spoken,Moderate,D:Very High,A:Very Good,A:Very Safe,A:Very Stable,C:Moderate,D:High Tax,A:Very Good,B:Comfortable,C:High,A:Very Stable,B,FALSE
oman,Oman,"Oman offers a calmer alternative to Dubai with good healthcare, exceptional safety, and stunning landscapes from desert to coast. Muscat provides modern amenities while maintaining traditional culture. Costs are moderate to high, and residency requires property investment or company sponsorship. English is widely spoken. Summer heat is extreme. The smaller expat community is tight-knit. Oman suits those seeking safe Middle Eastern living with traditional culture and natural beauty, without Dubai's intensity and at somewhat lower costs.",Middle East & North Africa,Middle East,muscat:salalah:sohar,high-personal-safety:tax-friendly,challenging-climate:small-expat-community,united-arab-emirates:cyprus:malta,Arid,0.025,"2,850.00","3,600.00",Safe:Warm Weather:English Spoken:Tax Friendly:Low Crowds,73,82,Comfortable,Established,Widely Spoken,Relaxed,C:High,A:Very Good,A:Very Safe,B:Stable,C:Moderate,A:Very Tax-Friendly,A:Very Good,D:Challenging,B:Low,A:Very Stable,B,FALSE
panama,Panama,"Panama offers one of the world's most attractive retirement visa programs through its Pensionado visa, providing significant discounts on healthcare, entertainment, and transportation. The dollarized economy eliminates currency risk, while the territorial tax system means foreign income isn't taxed. From the cosmopolitan Panama City to the mountain retreat of Boquete and beach towns along both coasts, Panama provides modern infrastructure, good healthcare, and a strategic location connecting North and South America.",Americas,Central America & Caribbean,panama-city:boquete:coronado,easy-visa-access:tax-friendly,challenging-climate:varying-healthcare-quality,costa-rica:mexico:belize,Tropical,0.025,"2,250.00","3,000.00",Low Cost:Easy Residency:Tax Friendly:Warm Weather,72,81,Moderate,Thriving Hub,Basic Available,Moderate,B:Moderate,B:Good,B:Safe,B:Stable,A:Very Easy,A:Very Tax-Friendly,B:Good,A:Ideal,B:Low,B:Stable,B,TRUE
philippines,Philippines,"The Philippines combines very low costs with English as an official language and American cultural influence from its colonial history. The Special Resident Retiree Visa is straightforward with a $10,000-50,000 deposit. From Manila's urban energy to Cebu's beaches and Baguio's mountain climate, the country offers diversity. Healthcare is adequate in cities but limited elsewhere. Tropical storms and developing infrastructure pose challenges. The Philippines suits English-speaking retirees seeking affordability, beach lifestyle, and don't mind developing-world conditions.",Asia,Southeast Asia,cebu:dumaguete:davao,affordable-cost-of-living:english-friendly:easy-visa-access,developing-infrastructure:natural-disaster-exposure,malaysia:thailand:vietnam,Tropical,0.025,"1,750.00","2,150.00",Low Cost:Tropical Paradise:Warm Weather:Large Expat Communities:English Spoken:Beach Living,73,82,Dense,Thriving Hub,Widely Spoken,Tourist-Heavy,A:Low,B:Good,B:Safe,C:Moderate,B:Easy,B:Tax-Friendly,B:Good,A:Ideal,A:Very Low,C:Moderate,B,TRUE
portugal,Portugal,"Portugal has become one of Europe's most popular retirement destinations, offering excellent healthcare, a stable political environment, and a welcoming expat community. With its Mediterranean climate, affordable cost of living compared to other Western European countries, and easy visa access through programs like the D7 and Golden Visa, Portugal provides an ideal balance of quality of life and value.",Europe,Western Europe,lisbon:porto:lagos,strong-healthcare-access:comfortable-climate:strong-expat-community:high-personal-safety,high-cost-of-living:high-tax:crowded,spain:italy:greece,Mediterranean,0.025,"2,250.00","2,750.00",Low Cost:Warm Weather:Safe:Large Expat Communities:Tax Friendly,76,85,Moderate,Thriving Hub,Commonly Used,Moderate,B:Moderate,B:Good,B:Safe,B:Stable,B:Easy,C:Moderate Tax,B:Good,A:Ideal,B:Low,B:Stable,B,TRUE
singapore,Singapore,"Singapore offers world-class healthcare, exceptional safety, and first-world infrastructure in a tropical city-state where English is an official language. The country combines Asian and Western cultures with excellent connectivity to the region. However, costs rival Switzerland's, humidity is constant, and residency is extremely difficult without significant investment or family ties. Singapore suits wealthy retirees seeking urban Asian hub with English language and maximum efficiency, but prohibitive costs and limited retirement visa options restrict accessibility.",Asia,Southeast Asia,central-area:east-coast:sentosa,high-personal-safety:english-friendly:strong-healthcare-access,high-cost-of-living:crowded,united-arab-emirates:switzerland:netherlands,Tropical,0.025,"4,500.00","5,750.00",Top Healthcare:Safe:Warm Weather:English Spoken:Premium Cost:Tropical Paradise,74,83,Very Dense,Growing Scene,Widely Spoken,Very Crowded,D:Very High,A:Very Good,A:Very Safe,A:Very Stable,D:Difficult,A:Very Tax-Friendly,A:Very Good,D:Challenging,C:High,A:Very Stable,B,TRUE
slovenia,Slovenia,"Slovenia offers Central European quality at reasonable costs, with excellent safety, clean cities, and good healthcare. This small country combines Alpine beauty around Lake Bled with Adriatic coast access. Ljubljana is one of Europe's most livable capitals. While the expat community is smaller than in Mediterranean hotspots, the country's stability, efficient infrastructure, and position at the crossroads of Europe make it appealing for retirees seeking a quieter, highly developed destination.",Europe,Southern Europe,ljubljana:bled:piran,high-personal-safety:strong-healthcare-access,high-tax:small-expat-community,austria:czech-republic:germany,Temperate,0.025,"2,250.00","2,850.00",Safe:Low Crowds,77,86,Comfortable,Established,Commonly Used,Tranquil,C:High,A:Very Good,A:Very Safe,A:Very Stable,C:Moderate,D:High Tax,A:Very Good,B:Comfortable,B:Low,A:Very Stable,B,FALSE
south-korea,South Korea,"South Korea combines modern cities, excellent healthcare, and advanced infrastructure with rich cultural heritage. Seoul offers cosmopolitan living, while smaller cities provide more traditional experiences. Costs are moderate to high, and residency is challenging without work or family ties. English is limited outside international areas. The country's safety, technology, and cuisine appeal to those interested in East Asian culture, but language barriers, limited retirement visa options, and dense urban living limit appeal for typical retirees.",Asia,East Asia,seoul:busan:jeju-island,modern-infrastructure:strong-healthcare-access,limited-english:crowded,japan:taiwan:singapore,Temperate,0.025,"2,850.00","3,600.00",Top Healthcare:Safe:Premium Cost:Limited English,78,87,Very Dense,Established,Minimal,Very Crowded,C:High,A:Very Good,A:Very Safe,B:Stable,D:Difficult,D:High Tax,A:Very Good,B:Comfortable,B:Low,A:Very Stable,B,FALSE
spain,Spain,"Spain offers retirees a vibrant Mediterranean lifestyle with world-class healthcare, rich cultural heritage, and diverse climate zones from coastal beaches to mountain retreats. The country's well-developed infrastructure, strong expat communities particularly along the Costa del Sol and Costa Blanca, and excellent cuisine make it a top choice. While taxes are higher than some alternatives, the quality of life and accessibility throughout Europe provide exceptional value.",Europe,Western Europe,valencia:malaga:alicante,strong-healthcare-access:comfortable-climate:modern-infrastructure,high-tax:crowded,portugal:italy:france,Mediterranean,0.025,"2,500.00","3,150.00",Warm Weather:Large Expat Communities:Beach Living,67,76,Moderate,Thriving Hub,Commonly Used,Tourist-Heavy,B:Moderate,B:Good,B:Safe,B:Stable,B:Moderate,C:High Tax,D:Good,B:Ideal,A:Low,B:Stable,C,TRUE
sri-lanka,Sri Lanka,"Sri Lanka offers tropical beauty, low costs, and cultural richness from Colombo's coast to Kandy's hills. The retirement visa requires $1,500 monthly income. English is commonly spoken given British colonial heritage. However, the country has faced economic crisis and political instability, with recent shortages and currency issues. Healthcare is adequate in cities. Sri Lanka suits adventurous retirees seeking affordability and culture who can tolerate economic uncertainty and developing infrastructure.",Asia,South Asia,colombo:galle:kandy,affordable-cost-of-living,volatile-political-climate:developing-infrastructure,turkey:tunisia:indonesia,Tropical,0.025,"1,400.00","1,900.00",Low Cost:Tropical Paradise:Warm Weather:Beach Living,76,85,Dense,Established,Commonly Used,Moderate,A:Low,B:Good,B:Safe,D:Unstable,C:Moderate,C:Moderate Tax,B:Good,A:Ideal,A:Very Low,D:Unstable,C,FALSE
sweden,Sweden,"Sweden combines high living standards with stunning natural beauty from Stockholm's archipelago to Lapland's wilderness. The healthcare system is excellent, and English proficiency is nearly universal. Costs and taxes are very high, but the quality of services and infrastructure justify them for many. Long, dark winters are challenging, but summers are beautiful. Residency for non-EU retirees requires financial proof. The country's stability, environmental consciousness, and quality of life appeal to those who can afford it and enjoy Nordic culture.",Europe,Northern Europe,stockholm:gothenburg:malmo,high-personal-safety:modern-infrastructure,challenging-climate:high-tax,norway:denmark:finland,Cold,0.025,"3,500.00","4,500.00",Top Healthcare:Safe:English Spoken:Premium Cost,81,90,Comfortable,Established,Widely Spoken,Moderate,D:Very High,A:Very Good,A:Very Safe,A:Very Stable,C:Moderate,D:High Tax,A:Very Good,B:Comfortable,C:High,A:Very Stable,B,FALSE
switzerland,Switzerland,"Switzerland offers exceptional quality across all metrics: world-class healthcare, stunning Alpine scenery, safety, and infrastructure. The country's stability, cleanliness, and efficiency are unmatched. However, costs are the world's highest, with even modest living requiring substantial resources. Four language regions provide diversity. Residency is extremely difficult without significant wealth or family ties. Switzerland suits wealthy retirees who prioritize absolute quality, safety, and beauty, and can afford premium costs in arguably the world's most expensive country.",Europe,Western Europe,zurich:geneva:lugano,strong-healthcare-access:high-personal-safety,high-cost-of-living:complex-visa-process,austria:france:germany,Temperate,0.025,"5,000.00","6,250.00",Top Healthcare:Safe:Premium Cost:Mountain Living,71,80,Moderate,Established,Widely Spoken,Moderate,D:Very High,A:Very Good,A:Very Safe,A:Very Stable,D:Difficult,C:Moderate Tax,A:Very Good,B:Comfortable,D:Very High,A:Very Stable,C,FALSE
taiwan,Taiwan,"Taiwan offers excellent healthcare at affordable prices, very high safety, and friendly people in a democratic society. Taipei provides modern urban living, while smaller cities offer better value. The retirement visa requires $100,000+ in assets. English is limited outside Taipei. The subtropical climate brings hot, humid summers and mild winters. Taiwan suits those seeking safe, affordable Asian living with excellent healthcare and democratic values, though language barriers and limited expat community outside Taipei pose challenges.",Asia,East Asia,taipei:taichung:kaohsiung,strong-healthcare-access:high-personal-safety:affordable-cost-of-living,crowded:complex-visa-process,south-korea:japan:singapore,Subtropical,0.025,"2,250.00","2,850.00",Top Healthcare:Safe:Low Cost:Limited English,80,89,Dense,Established,Minimal,Very Crowded,B:Moderate,A:Very Good,A:Very Safe,B:Stable,D:Difficult,C:Moderate Tax,A:Very Good,B:Comfortable,B:Low,A:Very Stable,B,FALSE
thailand,Thailand,"Thailand has long been Southeast Asia's premier retirement destination, offering an unbeatable combination of low living costs, excellent private healthcare, and welcoming culture. Cities like Chiang Mai and beach destinations like Phuket host thriving expat communities. The retirement visa requires proof of 800,000 baht in a Thai bank account or 65,000 baht monthly income. While political instability has been a concern, day-to-day life remains peaceful, and the infrastructure continues improving.",Asia,Southeast Asia,chiang-mai:bangkok:phuket,affordable-cost-of-living:strong-healthcare-access:strong-expat-community,crowded:complex-visa-process,malaysia:vietnam:philippines,Tropical,0.025,"2,000.00","2,500.00",Low Cost:Tropical Paradise:Warm Weather:Large Expat Communities:Beach Living,76,85,Dense,Thriving Hub,Basic Available,Very Crowded,A:Low,B:Good,B:Safe,C:Moderate,C:Moderate,C:Moderate Tax,B:Good,A:Ideal,A:Very Low,C:Moderate,C,TRUE
tunisia,Tunisia,"Tunisia offers Mediterranean coastline, Roman ruins, and low costs in a relatively stable North African country. Coastal cities like Sousse and Hammamet provide beach living. Healthcare is adequate but not world-class. French is commonly spoken. Political changes since the Arab Spring have brought challenges. Residency requires proof of income. Tunisia suits budget-conscious retirees seeking Mediterranean climate and culture at low cost with African flavor, who can tolerate developing infrastructure and some political uncertainty.",Middle East & North Africa,North Africa,tunis:sousse:hammamet,affordable-cost-of-living:comfortable-climate:low-crowds,developing-healthcare:volatile-political-climate,morocco:turkey:greece,Mediterranean,0.025,"1,400.00","1,900.00",Low Cost:Warm Weather:Beach Living:Low Crowds,84,93,Moderate,Established,Commonly Used,Moderate,A:Low,B:Good,B:Safe,C:Moderate,C:Moderate,C:Moderate Tax,B:Good,A:Ideal,A:Very Low,C:Moderate,C,FALSE
turkey,Turkey,"Turkey straddles Europe and Asia, offering diverse landscapes from Mediterranean beaches to cosmopolitan Istanbul. The cost of living is exceptionally low, private healthcare is good in major cities, and residency permits are straightforward. However, significant economic instability with high inflation and currency volatility poses risks. Political changes have also created uncertainty. Cities like Antalya and coastal areas attract retirees, but careful financial planning is essential given the lira's fluctuations and evolving political landscape.",Europe,Southern Europe,antalya:istanbul:izmir,affordable-cost-of-living:strong-healthcare-access,volatile-political-climate:crowded,tunisia:morocco:sri-lanka,Mixed,0.025,"1,400.00","1,900.00",Low Cost:Warm Weather:Beach Living,83,92,Dense,Established,Minimal,Very Crowded,A:Low,B:Good,B:Safe,D:Unstable,B:Easy,C:Moderate Tax,B:Good,B:Comfortable,A:Very Low,D:Unstable,C,FALSE
united-arab-emirates,United Arab Emirates,"The UAE, particularly Dubai and Abu Dhabi, offers modern infrastructure, excellent healthcare, and exceptional safety with year-round sunshine. The multicultural environment includes large expat populations. However, costs are very high, the heat is extreme in summer, and residency requires property investment ($200,000+) or company sponsorship. The culture is conservative compared to Western countries. The UAE suits those seeking modern Middle Eastern luxury with safety and efficiency, who can afford high costs and adapt to cultural norms.",Middle East & North Africa,Middle East,dubai:abu-dhabi:ras-al-khaimah,high-personal-safety:tax-friendly:strong-healthcare-access,challenging-climate:high-cost-of-living,singapore:oman:switzerland,Arid,0.025,"4,000.00","5,250.00",Safe:Warm Weather:English Spoken:Tax Friendly:Premium Cost,76,85,Moderate,Growing Scene,Widely Spoken,Very Crowded,D:Very High,A:Very Good,A:Very Safe,B:Stable,D:Difficult,A:Very Tax-Friendly,A:Very Good,D:Challenging,B:Low,A:Very Stable,B,FALSE
united-kingdom,United Kingdom,"The UK offers familiar English-speaking environment with world-class healthcare through the NHS, though waiting times can be long. From London's culture to Scottish Highlands' beauty, the country provides diversity. Post-Brexit, residency for non-UK citizens has become more challenging, requiring significant income or investment. Costs are high, particularly in the southeast. The weather is often gray. The UK suits those with existing ties or citizenship seeking familiarity, despite higher costs and more challenging immigration compared to pre-Brexit times.",Europe,Western Europe,edinburgh:bath:cornwall,english-friendly:strong-healthcare-access,high-cost-of-living:complex-visa-process,ireland:canada:australia,Temperate,0.025,"3,500.00","4,500.00",Top Healthcare:Safe:English Spoken:Premium Cost,84,93,Dense,Thriving Hub,Widely Spoken,Very Crowded,D:Very High,A:Very Good,B:Safe,A:Very Stable,D:Difficult,C:Moderate Tax,A:Very Good,B:Comfortable,C:High,A:Very Stable,C,FALSE
united-states,United States,"The US offers incredible diversity from Florida beaches to Arizona deserts, with world-class healthcare facilities and infrastructure. However, healthcare costs are the world's highest without employer coverage, and the system is complex. Residency without family ties requires substantial investment through EB-5 visas ($800,000+). Costs vary dramatically by region. The US suits those with existing citizenship, family ties, or substantial wealth seeking familiar environment, but prohibitive healthcare costs and immigration barriers limit appeal for foreign retirees.",Americas,North America,sarasota:scottsdale:san-diego,strong-healthcare-access:lifestyle-variety,high-cost-of-living:high-tax,canada:australia:united-kingdom,Mixed,0.025,"4,000.00","5,250.00",Top Healthcare:English Spoken:Premium Cost,66,75,Moderate,Established,Widely Spoken,Very Crowded,D:Very High,A:Very Good,B:Safe,B:Stable,D:Difficult,D:High Tax,A:Very Good,B:Comfortable,D:Very High,B:Stable,C,FALSE
uruguay,Uruguay,"Uruguay offers South American living with European feel, stable democracy, and progressive social policies. Montevideo provides urban amenities, while Punta del Este offers beach lifestyle. The country has good healthcare, low crime, and straightforward residency. Costs are moderate, higher than most Latin American countries but offering corresponding quality. The temperate climate brings four seasons. Uruguay suits retirees seeking safe, stable South American living with European cultural influence and don't need tropical weather or ultra-low costs.",Americas,South America,montevideo:punta-del-este:colonia-del-sacramento,stable-political-environment:strong-healthcare-access,high-cost-of-living:small-expat-community,chile:portugal:spain,Temperate,0.025,"2,500.00","3,150.00",Low Cost:Warm Weather:Safe:Large Expat Communities:Beach Living,67,76,Comfortable,Established,Commonly Used,Relaxed,C:High,A:Very Good,A:Very Safe,B:Stable,B:Easy,C:Moderate Tax,A:Very Good,B:Comfortable,B:Low,B:Stable,B,TRUE
vietnam,Vietnam,"Vietnam offers extremely low costs, improving healthcare in major cities, and French colonial charm alongside rapid development. From Hanoi's culture to Da Nang's beaches and Ho Chi Minh City's energy, the country provides diversity. The temporary residence visa is accessible for retirees. English is limited, and infrastructure varies significantly between cities and rural areas. Vietnam suits adventurous retirees seeking affordability and Asian immersion who don't mind developing infrastructure and can navigate with limited English.",Asia,Southeast Asia,da-nang:ho-chi-minh-city:hanoi,affordable-cost-of-living:improving-healthcare,developing-healthcare:polluted-cities,thailand:philippines:indonesia,Tropical,0.025,"1,650.00","2,150.00",Low Cost:Tropical Paradise:Warm Weather:Easy Residency:Beach Living,69,78,Dense,Growing Scene,Minimal,Very Crowded,A:Low,B:Good,B:Safe,C:Moderate,C:Moderate,C:Moderate Tax,B:Good,A:Ideal,A:Very Low,C:Moderate,C,TRUE